<beans xmlns="http://www.springframework.org/schema/beans"
	xmlns:context="http://www.springframework.org/schema/context"
	xmlns:mvc="http://www.springframework.org/schema/mvc" 
	xmlns:xsi="http://www.w3.org/2001/XMLSchema-instance"
	xsi:schemaLocation="http://www.springframework.org/schema/beans 
    http://www.springframework.org/schema/beans/spring-beans-4.0.xsd 
    http://www.springframework.org/schema/context 
    http://www.springframework.org/schema/context/spring-context-4.0.xsd 
    http://www.springframework.org/schema/mvc 
    http://www.springframework.org/schema/mvc/spring-mvc-4.0.xsd">
	<mvc:resources mapping="/**" location="/WEB-INF/resources/" />
	
	<context:property-placeholder
		location="classpath:database.properties,classpath:log4j.properties,classpath:cas.properties,classpath:autopush.properties,classpath:admin.properties" />
	<import resource="classpath:shiro-config.xml" />
	<import resource="classpath:mybatis-config.xml" />
	<context:component-scan base-package="console" />
	<mvc:annotation-driven />
	
	<bean id="templateResolver"
		class="org.thymeleaf.templateresolver.ServletContextTemplateResolver">
		<property name="prefix" value="/WEB-INF/views/" />
		<property name="suffix" value=".html" />
		<property name="characterEncoding" value="UTF-8" />
		<property name="templateMode" value="LEGACYHTML5" />
	</bean>

	<bean id="templateEngine" class="org.thymeleaf.spring4.SpringTemplateEngine">
		<property name="templateResolver" ref="templateResolver" />
	</bean>

	<bean class="org.thymeleaf.spring4.view.ThymeleafViewResolver">
		<property name="templateEngine" ref="templateEngine" />
		<property name="contentType" value="text/html; charset=UTF-8" />
	</bean>

</beans>