<?xml version='1.0' encoding='UTF-8' ?>
<!DOCTYPE mapper PUBLIC '-//mybatis.org//DTD Mapper 3.0//EN'
  'http://mybatis.org/dtd/mybatis-3-mapper.dtd'>

<mapper namespace='console.mapper.AppMapper'>

	<select id='getAppById' parameterType='int' resultType='App'>
		SELECT
		*
		FROM app
		WHERE id = #{id}
	</select>

	<select id='getAppMonitorById' parameterType='int' resultType='AppMonitor'>
		SELECT 
		app.id as id,app.name as name , 
		org.id as orgId, org.name as orgName,
		space.id as spaceId,space.name as spaceName 
		FROM app,space,org where app.id=#{id} and app.space=space.id and app.org=org.id
	</select>

	<select id='searchApp' parameterType='String' resultType='AppMonitor'>
		SELECT 
		app.id as id,app.name as name, 
		org.id as orgId, org.cn_name as orgName,
		space.id as spaceId,space.name as spaceName 
		FROM app,space,org where (app.name like "%"#{name}"%" or space.name like "%"#{name}"%" or org.cn_name like "%"#{name}"%") 
		and app.space=space.id and app.org=org.id
	</select>
	
	<select id='getAllApps' resultType='App'>
		SELECT * FROM app
	</select>

	<select id='getAppByName' parameterType='String' resultType='App'>
		SELECT * FROM app where name = #{name}
	</select>

	<select id='queryAppByName' parameterType='String' resultType='App'>
		SELECT * FROM app where name = #{name}
	</select>

	<insert id='insertApp' parameterType='App' useGeneratedKeys='true'
		keyProperty='id'>
		INSERT INTO app(name,org,space,svn,alarm,language,framework)
		VALUES(#{name},#{org},#{space},#{svn},"",#{language},#{framework})
	</insert>

	<update id='updateApp' parameterType='App'>
		UPDATE app
		SET
		svn= #{svn},
		language = #{language},
		framework=#{framework}
		WHERE id = #{id}
	</update>

	<delete id='deleteApp' parameterType='int'>
		DELETE FROM app WHERE ID =#{id};
	</delete>
	
</mapper>