<?xml version='1.0' encoding='UTF-8' ?>
<!DOCTYPE mapper PUBLIC '-//mybatis.org//DTD Mapper 3.0//EN'
  'http://mybatis.org/dtd/mybatis-3-mapper.dtd'>

<mapper namespace='console.mapper.AppRegistryMapper'>

	<select id='getAppRegistryById' parameterType='int' resultType='AppRegistry'>
		SELECT
		app_id as id,app_name as
		name,memory,instances,uris,target,bns,flow_switch_strategy as strategy,shutdown_delay as
		delay,smart_bns as smart,auto_check as `check`,health_page as
		healthPage,health_page_ret as healthRet
		FROM app_registry
		WHERE app_id = #{id}
	</select>

	<insert id='insertAppRegistry' parameterType='AppRegistry'>
		INSERT INTO
		app_registry(app_id,app_name,runtime,framework,memory,instances,max_instances,uris,target
		,state,rmi_port,bns,command,flow_switch_strategy,shutdown_delay,smart_bns,auto_check,health_page,health_page_ret)
		VALUES(#{id},#{name},"","",#{memory},#{instances},#{instances},#{uris},#{target},2,"",#{bns},"",#{strategy},#{delay},#{smart},#{check},#{healthPage},
		#{healthRet})
	</insert>

	<update id='updateAppRegistry' parameterType='AppRegistry'>
		UPDATE app_registry
		SET
		target=#{target},
		bns=#{bns},
		memory=#{memory},
		instances = #{instances},
		uris = #{uris},
		flow_switch_strategy = #{strategy},
		shutdown_delay = #{delay},
		smart_bns = #{smart},
		auto_check = #{check},
		health_page=#{healthPage},
		health_page_ret=#{healthRet}
		WHERE app_id = #{id}
	</update>

	<delete id='deleteAppRegistry' parameterType='int'>
		DELETE FROM
		app_registry WHERE app_id = #{id}
	</delete>
</mapper>