<?xml version='1.0' encoding='UTF-8' ?>
<!DOCTYPE mapper PUBLIC '-//mybatis.org//DTD Mapper 3.0//EN'
  'http://mybatis.org/dtd/mybatis-3-mapper.dtd'>

<mapper namespace='console.mapper.ClusterMapper'>

	<insert id='insertCluster' parameterType='Cluster'>
		INSERT INTO cluster(name, shortname,idc,target,pushmanager)
		VALUES(#{name},#{shortname},#{idc},#{target},#{pushmanager})
	</insert>
	
	<select id='getClusterById' parameterType='int' resultType='Cluster'>
		SELECT
		*
		FROM cluster
		WHERE id = #{id}
	</select>
	
	<select id='getAllClusters' resultType='Cluster'>
		SELECT
		*
		FROM cluster
	</select>
	
	<update id='updateCluster' parameterType='Cluster'>
		UPDATE cluster
		SET
		name= #{name},
		shortname = #{shortname},
		idc = #{idc},
		target = #{target},
		pushmanager = #{pushmanager}
		WHERE id = #{id}
	</update>

	<delete id='deleteCluster' parameterType='int'>
		DELETE FROM cluster WHERE ID = #{id}
	</delete>
	
	<select id='getClusterOnoffState' resultType='java.util.HashMap'>
		SELECT
		state,description
		FROM
		cluster_on_off
	</select>
	
	<update id='updateClusterOnoffState' parameterType='map'>
		UPDATE
		cluster_on_off
		SET state=#{state},description=#{description},date=#{date}
	</update>

</mapper>