<?xml version='1.0' encoding='UTF-8' ?>
<!DOCTYPE mapper PUBLIC '-//mybatis.org//DTD Mapper 3.0//EN'
  'http://mybatis.org/dtd/mybatis-3-mapper.dtd'>

<mapper namespace='console.mapper.OrgMapper'>

	<select id='getOrgById' parameterType='int' resultType='Org'>
		SELECT id,name,cn_name as cnName from org where id=#{id}
	</select>

	<select id='getOrgByName' parameterType='String' resultType='Org'>
		SELECT id,name,cn_name as cnName from org where name=#{name}
	</select>

	<select id='getOrgSpaces' parameterType='int' resultType='Space'>
		SELECT * from space where org=#{id}
	</select>

	<select id='getOrgUsers' parameterType='int' resultType='User'>
		SELECT
		uuap_name as username,name,mobile,hi,dept FROM user WHERE
		uuap_name IN
		(
		SELECT username FROM org_admin
		where org_id=#{id}
		)
	</select>

	<insert id='insertOrg' parameterType='Org'>
		INSERT INTO
		org(id,name,cn_name)
		VALUES(#{id},#{name},#{cnName})
	</insert>


	<insert id='insertOrgUser' parameterType='map'>
		INSERT INTO
		org_admin(org_id,username)
		VALUES(#{0},#{1})
	</insert>


	<delete id='delOrg' parameterType='int'>
		DELETE FROM org where
		id=#{id};
		DELETE FROM
		org_cluster where org_id=#{id};
		DELETE FROM
		org_admin where org_id=#{id};
	</delete>

	<insert id='delOrgUser' parameterType='map'>
		DELETE FROM
		org_admin where org_id=#{0} and username=#{1}
	</insert>

	<update id='updateOrg' parameterType='Org'>
		UPDATE org set
		pdb=#{pdb},
		svn=#{svn}
		where id=#{id}
	</update>

	<select id='getAllOrgs' resultType='Org'>
		SELECT * from org
	</select>

	<select id='getClusters' parameterType='int' resultType='Cluster'>
		SELECT *
		FROM cluster WHERE id IN
		(
		SELECT cluster_id FROM org_cluster where
		org_id=#{id}
		)
	</select>
</mapper>