<?xml version='1.0' encoding='UTF-8' ?>
<!DOCTYPE mapper PUBLIC '-//mybatis.org//DTD Mapper 3.0//EN'
  'http://mybatis.org/dtd/mybatis-3-mapper.dtd'>

<mapper namespace='console.mapper.SpaceMapper'>

	<select id='getSpaceById' parameterType='int' resultType='Space'>
		SELECT
		*
		FROM space where id=#{id}
	</select>

	<select id='getSpaceByName' parameterType='map' resultType='Space'>
		SELECT
		*
		FROM space
		WHERE org = #{0} and name=#{1}
	</select>

	<select id='getSpaceApps' parameterType='int' resultType='App'>
		SELECT
		*
		FROM space
		WHERE org = #{0} and name=#{1}
	</select>

	<select id='getApps' parameterType='int' resultType='App'>
		SELECT
		*
		FROM
		app
		WHERE space = #{id}
	</select>

	<select id='getAllSpaces' resultType='Space'>
		SELECT * FROM space
	</select>

	<select id='getSpaceUsers' parameterType='int' resultType='User'>
		SELECT uuap_name as username,name,mobile,hi,dept FROM user WHERE
		uuap_name IN
		(
		SELECT username FROM space_admin
		where space_id=#{id}
		union (SELECT username FROM space_users where
		space_id=#{id})
		)
	</select>

	<select id='getSpaceOPs' parameterType='int' resultType='User'>
		SELECT
		uuap_name as username,name,mobile,hi,dept FROM user WHERE
		uuap_name IN
		(
		SELECT username FROM space_admin
		where space_id=#{id}
		)
	</select>

	<select id='getSpaceRDs' parameterType='int' resultType='User'>
		SELECT
		uuap_name as username,name,mobile,hi,dept FROM user WHERE
		uuap_name IN
		(
		SELECT username FROM space_users
		where space_id=#{id}
		)
	</select>


	<insert id='insertSpace' parameterType='Space' useGeneratedKeys='true'
		keyProperty='id'>
		INSERT INTO space(id,
		name,org,version,cf_user,rdmanager,opmanager,qamanager)
		VALUES(#{id},#{name},#{org},2,"jpaas","","","")
	</insert>

	<insert id='insertSpaceUser' parameterType='map'>
		INSERT INTO
		space_admin(space_id, username)
		VALUES(#{0},#{1})
	</insert>

	<insert id='addSpaceOPUser' parameterType='map'>
		INSERT INTO
		space_admin(space_id, username)
		VALUES(#{0},#{1})
	</insert>

	<delete id='deleteSpaceOPUser' parameterType='map'>
		DELETE FROM
		space_admin WHERE space_id=#{0} and username=#{1}
	</delete>

	<insert id='addSpaceRDUser' parameterType='map'>
		INSERT INTO
		space_users(space_id, username)
		VALUES(#{0},#{1})
	</insert>

	<delete id='deleteSpaceRDUser' parameterType='map'>
		DELETE FROM
		space_users WHERE space_id=#{0} and username=#{1}
	</delete>

	<insert id='insertSpaceCluster' parameterType='map'>
		INSERT INTO
		space_cluster(space_id, cluster_id)
		VALUES(#{0},#{1})
	</insert>

	<update id='updateSpace' parameterType='Space'>
		UPDATE space
		SET
		NAME=#{name},
		CREATE_AT = #{createAt}
		WHERE id = #{id}
	</update>

	<delete id='deleteSpace' parameterType='int'>
		DELETE FROM space WHERE
		ID = #{id};
		DELETE FROM space_admin WHERE space_id=#{id};
		DELETE FROM
		space_users WHERE space_id=#{id};
		DELETE FROM
		space_cluster WHERE space_id=#{id}
	</delete>

	<select id='getClusters' parameterType='int' resultType='Cluster'>
		SELECT *
		FROM cluster WHERE id IN
		(
		SELECT cluster_id FROM space_cluster where
		space_id=#{id}
		)
	</select>
</mapper>