<?xml version='1.0' encoding='UTF-8' ?>
<!DOCTYPE mapper PUBLIC '-//mybatis.org//DTD Mapper 3.0//EN'
  'http://mybatis.org/dtd/mybatis-3-mapper.dtd'>

<mapper namespace='console.mapper.UserMapper'>
	<insert id='insertUser' parameterType='User'>
		INSERT INTO
		user(username,name,hi,mobile,dept)
		VALUES(#{username},#{name},#{hi},#{mobile},#{dept})
	</insert>

	<select id='getUserById' parameterType='String' resultType='User'>
		SELECT
		*
		FROM user
		WHERE uuap_name = #{username}
	</select>

	<select id='getOrgsByAdmin' parameterType='String' resultMap='OrgNodeResult'>
		SELECT o.id AS orgId, o.name AS orgName, spaceId, spaceName, appId,
		appName
		FROM `org` o
		LEFT JOIN (

		SELECT space.id AS spaceId, space.name AS spaceName, space.org, a.id AS
		appId, a.name AS appName
		FROM space
		LEFT JOIN (

		SELECT id, name, space
		FROM app
		)a ON space.id = a.space
		)s ON o.id = s.org
		WHERE o.id
		IN (

		SELECT org_id
		FROM org_admin
		WHERE username = #{username}
		)
	</select>

	<select id='getOrgsByUser' parameterType='String' resultMap='OrgNodeResult'>
		SELECT org.id as orgId, org.name as orgName, s.id AS spaceId, s.name
		AS spaceName
		FROM org
		right JOIN (
		SELECT *
		FROM space where id in (SELECT
		DISTINCT space_id FROM (
		SELECT *
		FROM space_admin
		WHERE
		space_admin.username = #{username}
		UNION SELECT *
		FROM space_users
		WHERE
		space_users.username = #{username}
		)s)
		)s ON ( org.id = s.org )
		WHERE
		org.id not in
		(select org_id
		from org_admin where username=#{username})
	</select>

	<select id="selectApps" parameterType="int" resultType="AppNode">
		select id
		as appId,name as appName from app where space =#{id}
	</select>

	<delete id='deleteUser' parameterType='String'>
		DELETE FROM user WHERE
		username = #{username};
	</delete>


	<select id='getAllUsers' resultType='User'>
		SELECT
		*
		FROM user
	</select>

	<update id='updateUser' parameterType='User'>
		UPDATE user
		SET
		dept=#{dept}
		WHERE uuap_name = #{username}
	</update>

	<resultMap type='OrgNode' id='OrgNodeResult'>
		<id property='orgId' column='orgId' />
		<result property='orgName' column='orgName' />
		<result property='cnName' column='cnName' />
		<collection property="spaces" column="spaceId" ofType="SpaceNode"
			resultMap="SpaceNodeResult"></collection>
	</resultMap>
	<resultMap type='SpaceNode' id='SpaceNodeResult'>
		<id property='spaceId' column='spaceId' />
		<result property='spaceName' column='spaceName' />
		<collection property="apps" column="spaceId" ofType="AppNode"
			select="selectApps"></collection>
	</resultMap>
	<resultMap type='AppNode' id='AppNodeResult'>
		<id property='appId' column='appId' />
		<result property='appName' column='appName' />
	</resultMap>
</mapper>