<beans xmlns="http://www.springframework.org/schema/beans"
	xmlns:xsi="http://www.w3.org/2001/XMLSchema-instance" 
	xmlns:tx="http://www.springframework.org/schema/tx" 
	xsi:schemaLocation="http://www.springframework.org/schema/beans 
           http://www.springframework.org/schema/beans/spring-beans-4.0.xsd 
           http://www.springframework.org/schema/tx 
           http://www.springframework.org/schema/tx/spring-tx-4.0.xsd">

	<bean id="dataSource" class="com.mchange.v2.c3p0.ComboPooledDataSource">
		<property name="driverClass" value="${jdbc.driver}" />
		<property name="jdbcUrl" value="${jdbc.url}" />
		<property name="user" value="${jdbc.user}" />
		<property name="password" value="${jdbc.password}" />
		<property name="initialPoolSize" value="${jdbc.initialPoolSize}" />
		<property name="minPoolSize" value="${jdbc.minPoolSize}" />
		<property name="maxPoolSize" value="${jdbc.maxPoolSize}" />
		<property name="testConnectionOnCheckin" value="true" />
		<property name="testConnectionOnCheckout" value="true" />
	</bean>

	<bean id="sessionFactory" class="org.mybatis.spring.SqlSessionFactoryBean">
		<property name="dataSource" ref="dataSource" />
		<property name="mapperLocations" value="classpath:mappers/*Mapper.xml" />
		<property name="typeAliasesPackage" value="console.entity" />
	</bean>

	<tx:annotation-driven transaction-manager="transactionManager" />

	<bean id="transactionManager"
		class="org.springframework.jdbc.datasource.DataSourceTransactionManager">
		<property name="dataSource" ref="dataSource" />
	</bean>

	<bean name="mapperScannerConfigurer" class="org.mybatis.spring.mapper.MapperScannerConfigurer">
		<property name="sqlSessionFactoryBeanName" value="sessionFactory" />
		<property name="basePackage" value="console.mapper" />
	</bean>

</beans>