<beans xmlns="http://www.springframework.org/schema/beans"
	xmlns:xsi="http://www.w3.org/2001/XMLSchema-instance" xmlns:aop="http://www.springframework.org/schema/aop"
	xmlns:tx="http://www.springframework.org/schema/tx" xmlns:context="http://www.springframework.org/schema/context"
	xmlns:util="http://www.springframework.org/schema/util"
	xsi:schemaLocation="  
     http://www.springframework.org/schema/beans   
     http://www.springframework.org/schema/beans/spring-beans-4.0.xsd  
     http://www.springframework.org/schema/context   
     http://www.springframework.org/schema/context/spring-context-4.0.xsd  
     http://www.springframework.org/schema/util  
     http://www.springframework.org/schema/util/spring-util-4.0.xsd">

	<bean id="shiroFilter" class="org.apache.shiro.spring.web.ShiroFilterFactoryBean">
		<property name="securityManager" ref="securityManager" />
		<property name="loginUrl"
			value="http://${cas.casServer}/login?service=http://${cas.serverName}/shiro-cas" />

		<property name="filters">
			<util:map>
				<entry key="casFilter" value-ref="casFilter" />
				<entry key="logout" value-ref="logoutFilter" />
			</util:map>
		</property>
		<property name="filterChainDefinitions">
			<value>
				/shiro-cas = casFilter
				/logout = logout
				/ct/** = anon
				/api/** = anon
				/dist/** = anon
				/** = roles[ROLE_USER]
			</value>
		</property>
	</bean>

	<bean id="casFilter" class="org.apache.shiro.cas.CasFilter">
		<property name="failureUrl" value="/errors/403.html" />
	</bean>
	<bean id="logoutFilter" class="org.apache.shiro.web.filter.authc.LogoutFilter">
		<property name="redirectUrl" value="http://${cas.casServer}/logout?service=http://${cas.serverName}/" />
	</bean>

	<bean id="casRealm" class="org.apache.shiro.cas.CasRealm">
		<property name="defaultRoles" value="ROLE_USER" />
		<property name="casServerUrlPrefix" value="http://${cas.casServer}" />
		<property name="casService" value="http://${cas.serverName}/shiro-cas" />
	</bean>

	<bean id="securityManager" class="org.apache.shiro.web.mgt.DefaultWebSecurityManager">
		<property name="realm" ref="casRealm" />
		<property name="cacheManager" ref="cacheManager" />
		<property name="subjectFactory" ref="casSubjectFactory" />
	</bean>

	<bean id="cacheManager" class="org.apache.shiro.cache.MemoryConstrainedCacheManager">
	</bean>

	<bean id="casSubjectFactory" class="org.apache.shiro.cas.CasSubjectFactory" />

	<bean id="lifecycleBeanPostProcessor" class="org.apache.shiro.spring.LifecycleBeanPostProcessor" />

	<bean
		class="org.springframework.beans.factory.config.MethodInvokingFactoryBean">
		<property name="staticMethod"
			value="org.apache.shiro.SecurityUtils.setSecurityManager" />
		<property name="arguments" ref="securityManager" />
	</bean>
</beans> 